local_path	css_width
images/chrome-industries/1700215_CHROME_2403_HP_Blog_MOCK-fa0534.jpg	740
images/chrome-industries/170112_Wyatte_LP_Desktop_Portfolio-_1_-964a84.jpg	1278
images/chrome-industries/Chrome-67e6df.jpg	1832
images/chrome-industries/Chrome-c82698.jpg	1490
images/chrome-industries/Teadwell_Big-d0f40b.jpg	1490
images/chrome-industries/Teadwell_System-0aa50c.jpg	1490
images/chrome-industries/email-78744d.gif	740
images/fitbit/0001-841652.jpg	1085
images/fitbit/0005-56cfb8.jpg	779
images/fitbit/0013-d7fdec.jpg	1085
images/fitbit/0021-46ee88.jpg	779
images/fitbit/0025-b9769c.jpg	1085
images/fitbit/0037-62d976.jpg	1092
images/fitbit/01-543bd1.jpg	713
images/fitbit/05-3e3c11.jpg	713
images/fitbit/09-dabaab.jpg	713
images/fitbit/13-a7aff7.jpg	713
images/fitbit/17-5aed8c.jpg	713
images/fitbit/21-38a8ef.jpg	713
images/fitbit/25-0745ab.jpg	713
images/fitbit/29-5003ce.jpg	713
images/fitbit/33-cb23a9.jpg	779
images/fitbit/37-020bd7.jpg	779
images/fitbit/F23_POP_Lookbook_FINAL_083023_page-0001-d06a43.jpg	713
images/fitbit/F23_POP_Lookbook_FINAL_083023_page-0004-565fca.jpg	713
images/fitbit/F23_POP_Lookbook_FINAL_083023_page-0007-59b466.jpg	713
images/fitbit/F23_POP_Lookbook_FINAL_083023_page-0010-ee60c8.jpg	713
images/fitbit/F23_POP_Lookbook_FINAL_083023_page-0013-6033ee.jpg	713
images/fitbit/F23_POP_Lookbook_FINAL_083023_page-0016-5377a8.jpg	713
images/fitbit/F23_POP_Lookbook_FINAL_083023_page-0019-a0f02f.jpg	779
images/fitbit/F23_POP_Lookbook_FINAL_083023_page-0022-d9214c.jpg	779
images/fitbit/Frame_8-01b175.png	1831
images/fitbit/IMG_2971-12346d.png	779
images/fitbit/IMG_2972-196ded.png	1037
images/fitbit/IMG_2973-28272e.png	484
images/fitbit/IMG_2975-fbdef5.png	484
images/fitbit/IMG_2977-a0bf15.png	484
images/fitbit/IMG_2978-555d3a.png	779
images/google-playbook/0001-101b9d.jpg	680
images/google-playbook/0003-d17585.jpg	680
images/google-playbook/0005-9e6063.jpg	680
images/google-playbook/0008-ebd4b4.jpg	680
images/google-playbook/0010-c9d30a.jpg	680
images/google-playbook/0013-47c26d.jpg	680
images/google-playbook/0015-6c0116.jpg	680
images/google-playbook/0018-67619a.jpg	680
images/google-playbook/0020-bd9a0c.jpg	680
images/google-playbook/0023-799245.jpg	680
images/google-playbook/0025-1c96a8.jpg	680
images/google-playbook/0028-9207b7.jpg	680
images/google-playbook/0030-1d0f5a.jpg	680
images/google-playbook/0033-4ee75c.jpg	680
images/google-playbook/0035-b4c276.jpg	680
images/google-playbook/0038-02a55d.jpg	680
images/google-playbook/0040-c661f8.jpg	680
images/google-playbook/0043-ea5a52.jpg	680
images/google-playbook/0045-887761.jpg	680
images/google-playbook/0048-39d2a3.jpg	680
images/google-playbook/0050-0a8635.jpg	680
images/google-playbook/0053-8e5262.jpg	680
images/google-playbook/0055-704839.jpg	680
images/google-playbook/0058-a865b1.jpg	680
images/google-playbook/IMG_5011-1ba177.JPG	1832
images/google-playbook/IMG_5099-54d3f4.jpg	1069
images/google-playbook/PXL_20241002_200125883-4cd2a4.jpg	740
images/google-playbook/PXL_20241002_200154839-0b0077.jpg	740
images/heath-ceramics/65563235_501036683983348_8154760254124446794_n-9f9777.jpg	779
images/heath-ceramics/Heath-962e74.jpg	1490
images/heath-ceramics/Heath-c76d49.jpg	1831
images/heath-ceramics/Heath_Clay_Studio_BiFold-1d6d04.jpg	1085
images/heath-ceramics/Heath_Poster-1ffc27.jpg	779
images/heath-ceramics/Heath_Sews_BiFold-427e39.jpg	1086
images/heath-ceramics/IMG_0885-2db848.jpg	779
images/heath-ceramics/heathsews_65300437_178635499819258_1534915944353-321b49.jpg	779
images/index/07_Low_Bar-49c8e6.jpg	1832
images/index/361611695_18012656551737144_326588598104159611_n-ddffae.jpg	1831
images/index/GczhZhXbcAAsQWD-551280.jpg	1538
images/index/SR-d79e82.jpg	1832
images/index/Upstate-9db936.jpg	1832
images/index/Wills-2b18fa.jpg	1832
images/index/pride-hero-71d1b1.jpg	1832
images/index/unnamed__6_-912e68.jpg	1831
images/logos/01_Chanchos-d5f7df.jpg	728
images/logos/02_CH_AH-099eb5.jpg	717
images/logos/03_Wills-543d1b.jpg	717
images/logos/04_Upstate-ea264b.jpg	717
images/logos/05_Forty_Five-71f076.jpg	717
images/logos/09_Engage-6f06f8.jpg	717
images/logos/11_HCS-e05843.jpg	717
images/logos/12_JP-f330d3.jpg	717
images/lowbar/152013676_2745533662366188_2043515722785266851_n-959f58.jpg	1490
images/lowbar/241345704_280246503584018_7314737480408934963_n_-3d9fc7.jpg	779
images/lowbar/317099794_683459036758535_2268801203122973050_n-0a3e6c.jpg	779
images/lowbar/317550689_122869267297776_9108669775489804345_n_-8ef3b7.jpg	1490
images/lowbar/Menu_MOCK_01-2d2932.jpg	779
images/lowbar/image000000-fd076f.jpg	779
images/mclaren/1-d36666.jpg	745
images/mclaren/2-ee05cc.jpg	745
images/mclaren/3-6a1b17.jpg	745
images/mclaren/4-09349a.jpg	745
images/mclaren/5-221b80.jpg	1490
images/mclaren/6-fbbdeb.jpg	1054
images/mclaren/7-516717.jpg	779
images/mclaren/GczhZhLbcAQ2yJF-d3cce5.jpg	1053
images/mclaren/GczhZhPbcAM51kf-b3408c.jpeg	1728
images/mclaren/GczhZhWaAAAVIbG-d04c92.jpeg	779
images/pride-2024/pride-window-1-38221a.jpg	779
images/pride-2024/pride-window-2-7b65fa.jpg	779
images/sol-republic/RSW_Packaging_Back-e73285.jpg	740
images/sol-republic/RSW_Packaging_Front-514d90.jpg	740
images/stonewall/_1038_Google_Approach_6.12.24_post__Stonewall_-65e2e6.JPG	1490
images/stonewall/unnamed__3_-2c8464.jpg	779
images/stonewall/unnamed__4_-e05ea2.jpg	1085
images/stonewall/unnamed__5_-978121.jpg	779
images/stonewall/unnamed__7_-a2bc45.jpg	1490
images/stonewall/unnamed__8_-3e6c5f.jpg	1088
images/stonewall/unnamed__9_-776dbb.jpg	1085
images/upstate/Upstate_02-de4bb6.jpg	1490
images/upstate/Upstate_03-5bd9ec.jpg	680
images/upstate/Upstate_04-f7dea1.jpg	680
images/upstate/Upstate_05-f2507b.jpg	680
images/upstate/Upstate_06-288969.jpg	680
images/upstate/Upstate_07-449069.jpg	680
images/upstate/Upstate_Images_2-ad1f62.gif	680
images/upstate/Upstate_Packaing-c969da.jpg	1490
images/wills/Wills_02-8a7310.jpg	680
images/wills/Wills_03-291c95.jpg	680
images/wills/Wills_04-f9d76c.jpg	680
images/wills/Wills_05-5f92d1.jpg	1490
images/wills/Wills_06-02d231.jpg	680
images/wills/Wills_Landing_Page-fa633d.jpg	1278
